titre,prix,image_url
Engrais agrumes et plantes...,12.75,https://www.jardinerie-bergon.fr/19692-home_default/engrais-agrumes-mediterrane.jpg
Engrais anti-chlorose -...,15.5,https://www.jardinerie-bergon.fr/19842-home_default/engrais-anti-chlorose-ferticament-400-g.jpg
Engrais soluble PEPTON...,114.79,https://www.jardinerie-bergon.fr/20062-home_default/engrais-soluble-pepton.jpg
Engrais soluble...,20.98,https://www.jardinerie-bergon.fr/15207-home_default/engrais-soluble.jpg
Engrais liquide palmiers et...,6.33,https://www.jardinerie-bergon.fr/15243-home_default/engrais-liquide-palmiers.jpg
Engrais liquide plantes...,6.7,https://www.jardinerie-bergon.fr/15244-home_default/engrais-liquide-plantes-d-interieur-dcm.jpg
Engrais potager et plantes...,10.1,https://www.jardinerie-bergon.fr/15273-home_default/engrais-potager.jpg
Engrais tomates et fruits...,12.75,https://www.jardinerie-bergon.fr/19691-home_default/engrais-tomates-fruits-rouges.jpg
Engrais soluble légumes et...,18.7,https://www.jardinerie-bergon.fr/15206-home_default/engrais-soluble.jpg
Engrais corne torréfiée et...,7.34,https://www.jardinerie-bergon.fr/15277-home_default/engrais-corne-torrefiee-et-sang-seche-dcm.jpg
Engrais granulé d'or Bio -...,24.64,https://www.jardinerie-bergon.fr/16900-home_default/engrais-granule.jpg
Engrais palmiers et...,12.75,https://www.jardinerie-bergon.fr/19694-home_default/engrais-palmiers-et-oliviers.jpg
Engrais gazon ORGAVIE F3...,33.28,https://www.jardinerie-bergon.fr/20479-home_default/engrais-gazon-orgavie-f3-6-5-10-4-sac-de-25kg.jpg
Engrais liquide concentré...,5.81,https://www.jardinerie-bergon.fr/18127-home_default/engrais-liquide-concentre.jpg
"Engrais rhododendrons,...",6.85,https://www.jardinerie-bergon.fr/15285-home_default/engrais-rhododendrons-azalees-hortensias-dcm.jpg
Engrais floraison concentré...,9.52,https://www.jardinerie-bergon.fr/18120-home_default/engrais-floraison-concentre.jpg
Engrais organique ANGIB...,37.91,https://www.jardinerie-bergon.fr/18630-home_default/engrais-organique-angib-4610-guano-poisson.jpg
Engrais agrumes et plantes...,10.53,https://www.jardinerie-bergon.fr/15287-home_default/engrais-agrumes-et-plantes-mediterraneennes-dcm.jpg
Engrais pommes de terre...,18.51,https://www.jardinerie-bergon.fr/15349-home_default/engrais-pommes-de-terre.jpg
Engrais rosiers et fleurs -...,6.85,https://www.jardinerie-bergon.fr/15298-home_default/engrais-rosiers-et-fleurs-dcm.jpg
"Semences gazon - Luzerne,...",14.78,https://www.jardinerie-bergon.fr/4755-home_default/semences-gazon-luzerne.jpg
Engrais plantes vertes -...,12.75,https://www.jardinerie-bergon.fr/19857-home_default/engrais-plantes-vertes.jpg
Engrais gazon Floranid®...,108.34,https://www.jardinerie-bergon.fr/18184-home_default/engrais-gazon-floranid.jpg
Engrais gazon Floranid®...,89.26,https://www.jardinerie-bergon.fr/18238-home_default/engrais-gazon-floranid.jpg
Engrais plantes...,34.5,https://www.jardinerie-bergon.fr/15255-home_default/engrais-plantes-mediterraneennes-et-agrumes-mediterra-dcm-10-kg.jpg
Engrais lauriers roses -...,6.85,https://www.jardinerie-bergon.fr/15304-home_default/engrais-lauriers-roses-dcm-075-kg-.jpg
Engrais poudre d'os - DCM,6.96,https://www.jardinerie-bergon.fr/15278-home_default/engrais-poudre-d-os-dcm.jpg
Stimulateur racinaire...,13.63,https://www.jardinerie-bergon.fr/17455-home_default/stimulateur-racine.jpg
ALGABIO 3.3.6® Concentré de...,59.4,https://www.jardinerie-bergon.fr/17540-home_default/algabio-336.jpg
Ferveg® LD40 10 L - Engrais...,72.38,https://www.jardinerie-bergon.fr/17542-home_default/ferveg-ld40.jpg
Lamina-CaCl® Concentré de...,34.11,https://www.jardinerie-bergon.fr/17545-home_default/lamina-cacl.jpg
LAMINA-FeMn® concentré de...,161.63,https://www.jardinerie-bergon.fr/17547-home_default/lamina-femn-concentre-de-laminaire-5l-agrocean.jpg
LAMINAFLOR® concentré de...,125.13,https://www.jardinerie-bergon.fr/18256-home_default/laminaflor-concentre-de-laminaire-5-l-agrocean.jpg
Engrais Gazon professionnel...,21.19,https://www.jardinerie-bergon.fr/19138-home_default/engrais-gazon.jpg
Engrais bleu BLAUKORN...,48.6,https://www.jardinerie-bergon.fr/19159-home_default/engrais-bleu.jpg
Engrais gazon pro ACTI-KOTE...,56.4,https://www.jardinerie-bergon.fr/19354-home_default/engrais-gazon-pro-acti-kote-20-5-8-sac-25kg.jpg
Engrais gazon ORGAVIE DUO...,47.4,https://www.jardinerie-bergon.fr/19373-home_default/engrais-gazon-orgavie-duo-12410-sac-25kg.jpg
Engrais gazon ACTIKOTE...,57.3,https://www.jardinerie-bergon.fr/19372-home_default/engrais-gazon-actikote-.jpg
Purin Herba Protect - DCM 1L,12.78,https://www.jardinerie-bergon.fr/19428-home_default/purin-herba-protect-dcm-1l.jpg
DESTOCK - Engrais tourteau...,8.3,https://www.jardinerie-bergon.fr/19431-home_default/destock-engrais-tourteau-vegetal-de-karanja-800-gr-cp-jardin-bio.jpg
Brunissement des conifères...,11.8,https://www.jardinerie-bergon.fr/19432-home_default/brunissement-des-coniferes-800gr-cp-jardin-bio.jpg
Engrais gazon ACTIKOTE PRO...,50.4,https://www.jardinerie-bergon.fr/20480-home_default/engrais-gazon-actikote.jpg
Fertilisant foliaire Geodyn...,113.7,https://www.jardinerie-bergon.fr/20066-home_default/fertilisant-foliaire-geodyn-ns-angibaud.jpg
Fertilisant organique azoté...,77.23,https://www.jardinerie-bergon.fr/20068-home_default/fertilisant-organique-azote.jpg
Fertilisant organique 4.2.6...,35.34,https://www.jardinerie-bergon.fr/20070-home_default/fertilisant-426-geogreen.jpg
Fertilisant organique...,88.45,https://www.jardinerie-bergon.fr/20072-home_default/fertilisant-organique-geogreen.jpg
LAMINAVEG® Biostimulant à...,91.96,https://www.jardinerie-bergon.fr/20074-home_default/-biostimulantalgue-laminaire.jpg
Stimurel Fertilisant...,135.74,https://www.jardinerie-bergon.fr/20076-home_default/stimurel-fertilisant-organique-ns-angibaud.jpg
Engrais gazon ACTIKOTE...,63.9,https://www.jardinerie-bergon.fr/20090-home_default/engrais-gazon-actikote.jpg
Engrais lauriers et...,10.96,https://www.jardinerie-bergon.fr/20169-home_default/engrais-lauriers.jpg
Engrais corne broyée...,21.26,https://www.jardinerie-bergon.fr/20194-home_default/engrais-corne-broyee-d-origine-naturelle-4-kg-solabiol.jpg
Engrais tomates - DCM,6.85,https://www.jardinerie-bergon.fr/15259-home_default/engrais-tomates-dcm.jpg
Engrais oliviers et...,6.85,https://www.jardinerie-bergon.fr/15286-home_default/engrais-oliviers-et-figuiers-dcm.jpg
Pralin aux argiles vertes -...,13.24,https://www.jardinerie-bergon.fr/14637-home_default/pralin-aux-argiles-vertes-24kg.jpg
Engrais complet d’origine...,17.74,https://www.jardinerie-bergon.fr/19483-home_default/engrais-complet.jpg
Engrais buis - DCM,6.2,https://www.jardinerie-bergon.fr/10134-home_default/engrais-buis-dcm.jpg
Engrais fraisiers et petits...,5.94,https://www.jardinerie-bergon.fr/15256-home_default/engrais-fraisiers-et-petits-fruits-dcm.jpg
Engrais organique universel...,6.85,https://www.jardinerie-bergon.fr/15294-home_default/engrais-organique.jpg
Engrais liquide bonsaïs -...,5.65,https://www.jardinerie-bergon.fr/5429-home_default/engrais-liquide-bonsais.jpg
Engrais géraniums et toutes...,2.76,https://www.jardinerie-bergon.fr/15303-home_default/engrais-geraniums-et-toutes-fleurs-dcm.jpg
Engrais liquide tomates et...,9.61,https://www.jardinerie-bergon.fr/5438-home_default/engrais-liquide-tomates-et-autres-legumes-08l-dcm.jpg
Engrais liquide universel...,8.8,https://www.jardinerie-bergon.fr/15245-home_default/engrais-liquide-universel.jpg
Engrais liquide...,8.2,https://www.jardinerie-bergon.fr/10147-home_default/engrais-liquide-rhododendron-hortensias-azalees-08l-dcm.jpg
Engrais en bâtonnets...,6.49,https://www.jardinerie-bergon.fr/15308-home_default/engrais-en-batonnets.jpg
Engrais en bâtonnets...,6.49,https://www.jardinerie-bergon.fr/15305-home_default/engrais-en-batonnets-orchidees-dcm.jpg
Engrais en bâtonnets...,6.49,https://www.jardinerie-bergon.fr/15306-home_default/engrais-en-batonnets.jpg
Engrais gazon 4 actions - DCM,18.03,https://www.jardinerie-bergon.fr/15222-home_default/engrais-gazon-4-actions-dcm.jpg
Engrais organique...,30.88,https://www.jardinerie-bergon.fr/18631-home_default/engrais-organique-orgamaster-poisson-.jpg
Engrais potasse organique -...,6.96,https://www.jardinerie-bergon.fr/15279-home_default/engrais-potasse.jpg
Rétenteur Grains d'eau sol...,7.13,https://www.jardinerie-bergon.fr/17997-home_default/retenteur-grains-d-eau.jpg
Bleu de France bleuissant...,12.25,https://www.jardinerie-bergon.fr/9270-home_default/bleu-bleuissant.jpg
Bouturage Osiryl® -...,11.09,https://www.jardinerie-bergon.fr/14636-home_default/bouturage-osiryl-solabiol-40ml.jpg
Stimulateur de croissance...,28.8,https://www.jardinerie-bergon.fr/15019-home_default/stimulateur-de-croissance-pour-gazon-rhizostart-ferticament-500-ml.jpg
Semences et engrais Riparo...,19.28,https://www.jardinerie-bergon.fr/4237-home_default/semences-et-engrais.jpg
Engrais bio graminée et...,5.56,https://www.jardinerie-bergon.fr/19158-home_default/engrais-bio-graminee.jpg
Engrais géraniums et...,12.75,https://www.jardinerie-bergon.fr/19693-home_default/engrais-geraniums-fleuries.jpg
Engrais Organique Gazon Pur...,16.57,https://www.jardinerie-bergon.fr/15223-home_default/engrais-organique.jpg
Activateur de compost - DCM,6.96,https://www.jardinerie-bergon.fr/15284-home_default/activateur-de-compost-dcm.jpg
Engrais arbres fruitiers -...,10.48,https://www.jardinerie-bergon.fr/15257-home_default/engrais-arbres-fruitiers.jpg
Engrais Azote organique...,7.24,https://www.jardinerie-bergon.fr/6981-home_default/engrais-azote-organique-sang-desseche-dcm.jpg
Engrais liquide agrumes et...,6.33,https://www.jardinerie-bergon.fr/15237-home_default/engrais-liquide-agrumes.jpg
Engrais kieserite - DCM 2 kg,9.93,https://www.jardinerie-bergon.fr/15282-home_default/engrais-kieserite-dcm-2-kg-.jpg
Engrais Palmiers - Solabiol...,10.96,https://www.jardinerie-bergon.fr/14365-home_default/engrais-palmiers-solabiol-15kg.jpg
Engrais liquide Géraniums...,11.34,https://www.jardinerie-bergon.fr/15246-home_default/engrais-liquide-geraniums.jpg
Engrais BIO liquide...,9.41,https://www.jardinerie-bergon.fr/3271-home_default/engrais-bio-liquide-surfinias-08-l-dcm.jpg
Engrais Liquide Plantes...,5.16,https://www.jardinerie-bergon.fr/6987-home_default/engrais-liquide-pour-plantes-d-appartement-dcm.jpg
Engrais Liquide Cactus &...,5.63,https://www.jardinerie-bergon.fr/6991-home_default/eng-liq-cactee-04-l-dcm.jpg
Engrais Viviroot®...,6.06,https://www.jardinerie-bergon.fr/15283-home_default/engrais-viviroot-activateur-de-racines-dcm-075-kg.jpg
Engrais BIO liquide potager...,8.71,https://www.jardinerie-bergon.fr/15208-home_default/engrais-bio-liquide-potager.jpg
Engrais liquide oliviers et...,9.24,https://www.jardinerie-bergon.fr/15242-home_default/engrais-liquide-oliviers.jpg
"Engrais Organique Haies,...",10.58,https://www.jardinerie-bergon.fr/3303-home_default/eng-haies-ifs-conif-15-kg-dcm.jpg
